,momentum_long_short,momentum_long_only,low_volatility_long_short,low_volatility_long_only,reversal_long_short,reversal_long_only,multi_factor_long_short,multi_factor_long_only
2015-02-28,,,,,0.21412792170177766,0.12073218439493794,,
2015-03-31,,,,,0.21981137656739094,0.1280146772531565,,
2015-04-30,,,,,0.15686355840190547,0.08377009375020006,,
2015-05-31,,,,,0.18426930260451024,0.12352798190065098,,
2015-06-30,,,,,0.22956390344910432,0.12585913487623016,,
2015-07-31,,,,,0.2075157176263175,0.07427667486909542,,
2015-08-31,,,,,0.19114506767257172,0.1485050409322226,,
2015-09-30,,,,,0.2648613973955419,0.1672245239961184,,
2015-10-31,,,,,0.2716899650785485,0.16281901526556397,,
2015-11-30,,,,,0.20086185101106993,0.14137073352698254,,
2015-12-31,,,,,0.201792928894633,0.10796943550406483,,
2016-01-31,0.07214234613572798,0.009535016956948065,-0.05054646025514087,-0.042528071381634086,0.19900169105069213,0.0699287629666951,0.15290341626890466,0.0580177908085672
2016-02-29,-0.034233593212562925,-0.03963374295362692,-0.07246186370764678,-0.06640176206411873,0.2152400287509324,0.08197504031579787,0.10254603478689009,0.05911744292739272
2016-03-31,-0.08592399747846295,-0.007306896794016599,0.11108230316065594,0.09622613751272013,0.2543671612062632,0.16247650528360053,0.16211497989692583,0.11218714719370011
2016-04-30,0.16200240442681632,0.084220873404596,0.06438829961759043,0.04079485390074823,0.2672455904539687,0.16593426941891776,0.18986328248011927,0.1292094838946956
2016-05-31,-0.01569541308273307,0.025966709312927067,-0.03164299976896369,0.004877637416506949,0.1843211944143939,0.10513735004494952,0.09037332717906826,0.0924321541979734
2016-06-30,0.007133883562585282,-0.0095699431492753,-0.011699212936525108,-0.014121385452662444,0.25977428678530184,0.14638621000324173,0.160984671290109,0.10364394569628484
2016-07-31,-0.0027618069495280416,0.013421153475958441,-0.004959797059455372,-0.029273415456577762,0.2320240034892057,0.14976339805893973,0.1594913894219726,0.09164602437783678
2016-08-31,-0.08560146688689034,-0.0637772219873438,-0.007630781500370718,-0.02415402292710337,0.2143191247038436,0.09804848528194897,0.0738590669152572,0.059857520183769705
2016-09-30,0.02075721649558654,0.03364714032141764,-0.022389937748741567,-0.005538335606433131,0.2143015152731109,0.11740409577214107,0.12435420313169313,0.05518341277756178
2016-10-31,-0.078711818388539,-0.050694740544431696,-0.05734873468358629,-0.03060178184804113,0.17961955967179366,0.07915161459140677,0.02066780262366753,-0.001956116549605191
2016-11-30,-0.024270401334544126,-0.0034950478537391465,-0.009552878128328723,0.004494766700384307,0.22016907230289823,0.12998972496116726,0.07192742505103418,0.06538738861146191
2016-12-31,0.07891322900394722,0.05296510583356578,0.03646334812470508,0.007242063399537219,0.25352531146199336,0.1547291165088238,0.1404053024551109,0.117357828523522
2017-01-31,0.008274313389191056,0.009357230550094601,0.0030149977865608648,0.02184487354317393,0.22794036155030753,0.1318783028079724,0.1278221832043505,0.08547078706411966
2017-02-28,-0.04097301828093916,0.04157785878956483,0.10706474743834411,0.12289349428173271,0.2659065503590371,0.1907087340949777,0.1571879044468572,0.11816947609550953
2017-03-31,0.003838407000959941,0.04313104000135516,0.07422535403068137,0.06751455809672839,0.19805885111786098,0.1598592143112299,0.1150510846234782,0.11964885317529615
2017-04-30,-0.04651666058330791,-0.003293496061428002,-0.02116627675495576,-0.026224979060821253,0.1733343760267677,0.0851664241216578,0.057284035467806735,0.05862404032333324
2017-05-31,-0.037010010675428806,-0.014863233195159321,0.02494827801858755,-0.0064510942325656795,0.26184207628541406,0.14119361059167354,0.06465900883266489,0.01610613693243146
2017-06-30,0.08954918703379308,0.093477169018953,0.04681247479597943,0.07412991792754961,0.3117416343491383,0.18983147653759463,0.2072508873439917,0.16443989992871175
2017-07-31,0.000903397823710493,0.007197782385273893,-0.027208914390425897,-0.033553150760590324,0.2505529624345149,0.12183585922540095,0.11463139690826699,0.07788553685986495
2017-08-31,-0.03053295940629863,-0.011963329420655085,0.04883077775657404,0.062061804287497024,0.19426754177771316,0.1303794653004647,0.07547621852456292,0.056348775398703546
2017-09-30,0.0037946453234638153,-0.007931800340213329,-0.06527014803336982,-0.05537664052811354,0.26267057200705207,0.12005253033573826,0.09985234861306291,0.06187251144434859
2017-10-31,0.09995674387948489,0.004039923565153202,-0.004576296207523742,-0.03596222618447607,0.23620454233080193,0.10040500612576317,0.1396286587480757,0.03706319301508805
2017-11-30,-0.06533495636545682,0.021032719302592307,0.03955989911274287,0.034188602230995624,0.22212700805094873,0.13919482011316464,0.07579451656823348,0.07331856307485163
2017-12-31,0.0422516754051546,0.03481964373508506,0.013376695911646386,0.04569671860628803,0.2614248328586841,0.17221639530615243,0.20244872716363776,0.15963091134246435
2018-01-31,-0.0848078261541689,-0.000850213546752575,0.1040702503450119,0.09856513079337534,0.2577168031742292,0.18250904930401815,0.15161057201144712,0.13454386672807192
2018-02-28,-0.07749294688300114,0.02769133757010435,0.2048842144687411,0.21080095575721094,0.3139835799279593,0.22144996470813386,0.14327898827184088,0.13193196206340668
2018-03-31,0.02534680986696614,0.04598168236246131,0.02445753654133183,0.05988000774221897,0.27577380883877833,0.19248254497106318,0.19931036240315828,0.123471350499045
2018-04-30,-0.03676462846395823,0.009247136698904887,0.09284085330402578,0.10015300454501896,0.21227738342892416,0.1704214572273536,0.12832352971833566,0.10528587357766912
2018-05-31,0.02449681186379781,-0.010857660098317123,-0.04851898243360008,-0.08462596859427717,0.23345893734807252,0.09633569842253094,0.13607042048581275,0.032264260603771036
2018-06-30,-0.048931688499160936,-0.020737334124015978,0.02553935150004408,0.0182483433762073,0.1790709081362632,0.10738903934448599,0.09709765399396465,0.04529105699912746
2018-07-31,-0.04709218572716211,0.04090139709586399,0.0743640684230211,0.09848753720561818,0.2262221459383761,0.16987277251667957,0.15390175538281306,0.13215276271313156
2018-08-31,0.09124683266426203,0.04028195949302067,-0.0034036744090297243,0.002724103674871825,0.26629828082697915,0.16110575971173063,0.21628245547879768,0.14631534772315735
2018-09-30,0.0060947813343321,0.023666308393503085,-0.07137943905285775,-0.0452004861554002,0.26284663820395104,0.12390657407568594,0.1560381245765573,0.07236655648319838
2018-10-31,-0.03787788248319009,-0.004115184789744948,0.011517882584356933,0.015520115580993935,0.25975457672974434,0.1551079681170582,0.15315968010384198,0.08653700341083084
2018-11-30,-0.00986680488925831,-0.008451110030938439,-0.03804053467012534,-0.006558247987541718,0.23105002387946466,0.1250260696681372,0.11015407569081705,0.06116089425739772
2018-12-31,-0.013681778673521805,-0.0027265980840710706,0.010627934111686206,0.038561375085197934,0.25024033192369977,0.15189928928990842,0.14391590727929374,0.09126995678503
2019-01-31,-0.10570550364680556,-0.009137248292653536,0.056775484857324546,0.030255963102707877,0.2039466328328813,0.12367735065476153,0.10781514871773358,0.050089100198919725
2019-02-28,-0.0005861208546419142,0.03334378742972769,0.08727012546288403,0.08141909483804438,0.17994814946146048,0.12846491289242062,0.10686292965649388,0.07600751786570921
2019-03-31,0.020183039756163576,-0.012380387264181442,-0.033147548626546765,-0.06427919483705503,0.20222439068823245,0.09702247854245985,0.09378298408777916,0.01435410376989956
2019-04-30,-0.04686668285758127,0.04068800002884451,0.06095693275211949,0.06295039916323249,0.2648001535560146,0.17370726476703435,0.10038534057786082,0.0773108611277988
2019-05-31,0.02855708560634916,0.021928857450851845,-0.09347209252248667,-0.04883479232241348,0.2110289813971695,0.09852057369967744,0.11907849216840236,0.04369210950862307
2019-06-30,0.03291696385331238,0.03758924801568188,-0.07254659670866563,-0.042896587351741046,0.20185236173303842,0.09602141907341032,0.10725822662688606,0.050688087911915106
2019-07-31,0.06931074865613558,0.0751490432068303,0.057728018477714825,0.06572975395393561,0.24492941779707775,0.13756077488938423,0.17798658935922507,0.10422133816315277
2019-08-31,-0.09437894918315437,-0.021491712401735873,0.09415703168538705,0.05822133962051071,0.3009342877335652,0.2088389300041379,0.11522013780487582,0.07975406007063542
2019-09-30,0.02776460659926252,0.024815240545065006,-0.08828189420693461,-0.04462308152665925,0.22459689230122734,0.09663664407088267,0.0864854063478662,0.027729638321397552
2019-10-31,0.08180350363568259,0.036611988677658316,0.01765419789798674,-0.005326580880685971,0.22518901615472864,0.1284507238463121,0.15090913842369422,0.06692844022772353
2019-11-30,-0.04718277444964521,-0.049236075251828236,-0.08388662940987368,-0.09821791950730228,0.25654165945291085,0.09111031017564636,0.06594619616874409,0.006849825503763813
2019-12-31,-0.0007905212857193643,-0.0032013196328842986,-0.02449839078682346,-0.0363667766539215,0.18015333162083896,0.11273415017376341,0.07733025989568619,0.03967296547652588
2020-01-31,0.053973611915766745,0.041300519629522456,0.11339311759602162,0.08995198766626007,0.2741155226631922,0.15048489140244223,0.18433378292063332,0.1114956096261174
2020-02-29,-0.05679893669136415,-0.04078973448096168,0.013035367878806917,-0.022541609138246932,0.2017660347722914,0.10326558066769058,0.12027841164996197,0.05690189261319078
2020-03-31,0.06506164617930561,0.09916785427831862,0.07378967188075775,0.06934882304795215,0.21515893480778425,0.15665063993687744,0.13949241183898614,0.13271115776118866
2020-04-30,-0.03333933250643931,-0.04513103070267698,-0.06430681636103162,-0.039862890567114374,0.2263306436573242,0.1031319276556909,0.0561212069710645,0.0341984154640005
2020-05-31,-0.06838810871991702,-0.03181162436217545,-0.06000708889366192,-0.04682000773711138,0.21415150869164662,0.08914421784528052,0.06412219013123273,0.025682631338485848
2020-06-30,-0.03921071994471516,-0.04360111916087174,-0.028907473035113075,-0.031385311447914524,0.1965112855876695,0.08575439741872644,0.028550604251537964,0.010089537213207135
2020-07-31,0.046024423431647137,0.004827452253234387,-0.09036167596385813,-0.0431004649604572,0.2667594332687197,0.1298263154466566,0.09183128152009895,0.017257677365148417
2020-08-31,-0.027359871773217474,-0.024794479133232347,0.06861162837317111,0.05404233671477505,0.20526278550136204,0.1342989108923017,0.13911947622273893,0.10374283878844937
2020-09-30,-0.09131426622291415,-0.04495192297378455,-0.03460980239936567,0.003283108243505356,0.20794480580519573,0.11496308660082229,-0.00042591728841473225,-0.003091213275467855
2020-10-31,-0.012338947424424576,-0.009814022724247843,0.0042860566822460035,0.01295309258335024,0.2078571858267106,0.12667732610710442,0.08701174958936292,0.06995432159720906
2020-11-30,-0.11806020375998162,-0.10930741165236295,-0.09851728290218088,-0.0950766541780259,0.2429621349916223,0.07005266738009426,0.03159200208520442,0.02725990047053622
2020-12-31,-0.018575340157801913,-0.028013197024996456,-0.009675646976765727,-0.005106006509157106,0.207547412587853,0.10722876566922313,0.04313519901460169,-0.0005499414736049324
2021-01-31,0.06296177798341795,0.026276589926962576,0.03761746497030605,0.037891718875814016,0.23819204719425277,0.11065306229186296,0.12133811407070454,0.08161189837961831
2021-02-28,0.036776319770598885,-0.039887125850470696,-0.01914944820405886,-0.02799906361631862,0.23011690614292757,0.08804181763124277,0.1109597067792922,0.027093177141490923
2021-03-31,-0.10714589239716073,0.0022246951482976277,0.14019717679572483,0.13383561779422332,0.2791180581098818,0.16970526749683915,0.07516903171279252,0.08326597507451428
2021-04-30,0.003966379159408804,0.004336831883146061,0.06672399044294065,0.050307240741590147,0.1959554786032233,0.1275651530170565,0.14864454883558148,0.09361204261007466
2021-05-31,0.07115547049778316,0.08856448501369002,0.04308208841054341,0.06488473147298736,0.24616919550566832,0.15266501204621208,0.16740839592259424,0.14338603348707848
2021-06-30,-0.08745951026374557,-0.0447710727493601,-0.010639984226191184,0.012903690748529019,0.24268147986356847,0.16182803542654123,0.06565845990986784,0.05774629270999519
2021-07-31,0.002743284848716258,0.009185256926322641,0.002380570137754518,0.02199198656565385,0.1795249154516434,0.11113199407967124,0.08147882346380957,0.04480619172536346
2021-08-31,0.01097340868913983,0.01521066644768037,0.05916491749382264,0.0702088823240537,0.23437335647955526,0.13314020632265863,0.16870200045407668,0.10271295856115725
2021-09-30,0.1092323443841548,0.09864525678501943,-0.005967991749456241,0.010842429817431899,0.2997128339212624,0.17886478934467084,0.19964097015231094,0.16164663513612512
2021-10-31,-0.05097030798775577,-0.012067043614953662,0.00282242442373657,-0.025853975075202023,0.17635088113426617,0.08021409765679684,0.07305196656487165,0.06047588267799401
2021-11-30,-0.03736438909876441,0.019703073918188208,-0.03199790872420205,-0.023813686878207063,0.23490310665396283,0.15027958451408321,0.12398308404839326,0.06881253492762433
2021-12-31,-0.02242055496825134,-0.004456461455877578,-0.12811806707881482,-0.12824430134750878,0.23793962551046377,0.09935459811264394,0.08219979732686084,0.04418823412695102
2022-01-31,0.0012334195405666265,0.02734948633267063,-0.015053510705173665,-0.006446352377026565,0.17235020424225078,0.10780735916217801,0.09600098985245921,0.07587068145635459
2022-02-28,0.047105017772109285,0.050864177807709854,0.07778650476281616,0.07809936042817002,0.24276252912517884,0.15395968929818377,0.15702064488919515,0.1302068017434321
2022-03-31,-0.015795211221532757,0.018184731355645113,0.03608018958218172,0.047293313519033695,0.24557049121764563,0.16357818307862232,0.0819906176288249,0.07108698157642669
2022-04-30,-0.027985299317419353,-0.018534664452834543,-0.04756290840329906,-0.04199984563731714,0.14957870114668784,0.06874045547842707,0.05547743242151329,0.021518080501532127
2022-05-31,0.031552950087960774,0.018670928435739805,0.065176756402974,0.0654284140297801,0.18112311780181786,0.11108429183123554,0.1304033708315132,0.08534463793613456
2022-06-30,-0.038028510974011866,0.033382104168846474,0.026433939503915538,0.022561240613203744,0.222922364628533,0.1474119027258869,0.09903379391278669,0.08383027922390496
2022-07-31,0.062892129404275,0.07455363349888142,0.09880409191581081,0.09036770839157598,0.2572115180387061,0.1779222675384381,0.1775130085562346,0.12725219311934294
2022-08-31,0.04988030989234589,0.021779868207742453,0.11716128034318853,0.09270628828192959,0.23653305172305134,0.14978739056337564,0.18515755023365238,0.12246732610644913
2022-09-30,0.016662800326257422,0.04352426953697526,0.009514413435658673,0.00036707647519085805,0.19699136368681797,0.10823046821941067,0.11208726144444539,0.09001847801002041
2022-10-31,-0.06434669812784329,-0.0251697203213583,0.07945010697976207,0.07635179108299855,0.28829988847066923,0.17959403093728438,0.14578789324851024,0.08458318747241288
2022-11-30,0.06979598157073953,0.03408068305847524,-0.06790843595714523,-0.06708025909290849,0.2282327866938328,0.09960576439164925,0.12801240889758683,0.023147208290620815
2022-12-31,-0.07162214368485767,-0.06301936722746158,-0.00881431728440431,0.007425936750517076,0.21975146980755506,0.12178484229008786,0.12828034727181778,0.07095074612329688
2023-01-31,0.06382063045634913,0.004348742742530812,-0.02712821258309842,-0.044313455052193466,0.21228244743065972,0.08327798277421986,0.1618077699432127,0.06026916190181378
2023-02-28,-0.01332996273455776,0.0033876408083217137,0.02502600301554297,0.032588685058263865,0.21627467402316747,0.11519769645046685,0.10692723909145983,0.08373189122092983
2023-03-31,-0.0440952413565457,-0.029442631581329388,0.028559749773410418,0.03824944656650882,0.22119612402344294,0.12448464354027887,0.09205384282130714,0.06626798300376857
2023-04-30,0.04266388864137696,0.0779179489935937,0.1908507242653405,0.16684416176358682,0.2742495875136433,0.20082377818586158,0.19894040948377023,0.16033371157579082
2023-05-31,0.015190471673513761,0.005353183098094386,-0.013367515849490584,-0.007498057069064605,0.1945277126210635,0.1047524422452682,0.13341589841093313,0.08631544347186984
2023-06-30,-0.03969727979398867,-0.021068602586394092,-0.0026932254178827675,0.02665739747093955,0.26651424916379274,0.14030353424987066,0.1296243924766866,0.08950171163072866
2023-07-31,0.021304127916934364,0.02806088033365894,-0.007901919929215163,-0.008535749284701095,0.22780906127939726,0.12496685269704381,0.11117434890097869,0.06015563625858011
2023-08-31,-0.025440677226964987,-0.01606607281070447,0.06565934634118702,0.04427574467816046,0.23146487109731903,0.14159894462809866,0.16605629688246243,0.12399686758659524
2023-09-30,-0.025269005172467718,-0.015368711578762793,0.050960720920695285,0.06321799078933639,0.19781683822433213,0.11515528503055183,0.09749750668637953,0.05124196297511943
2023-10-31,0.010623902488703565,0.06385604804337928,0.11361802424122733,0.0862168033617514,0.26528576742117327,0.16345012121583433,0.10033538043282642,0.07012352884913647
2023-11-30,-0.06658103219850786,-0.02296062873835097,0.06651899470737713,0.059209555809526214,0.2410050445563682,0.14117495136906785,0.11876376580014655,0.08523981053864363
2023-12-31,0.0019807431195198867,0.0877493453908728,0.08724299617457335,0.11528061631095714,0.23742580758909115,0.1867652390845852,0.11911449569711605,0.12427015245074284
2024-01-31,-0.0940319911995411,-0.014864027978045443,0.03326747241934339,0.02761837915389755,0.2266464403632883,0.12134087345022343,0.06945052106474325,0.04994381376696145
2024-02-29,-0.023131524924384448,0.04764040332535009,0.08265124351116333,0.1049054687570026,0.26672602495418885,0.16853264222856945,0.11196172599619596,0.06519350335550127
2024-03-31,0.033156631426533655,0.04356312955010253,-0.021971872657625142,0.009095935430442533,0.17970905929958775,0.11098466087346769,0.0879511815247993,0.06609887060662792
2024-04-30,0.06681213888123563,0.0318055821748356,0.030340876505667684,0.02531867953345852,0.14782001518947913,0.09180203680537223,0.13746991051020965,0.09192880204417005
2024-05-31,0.051898232492822376,0.016788147031302825,-0.045211268353567105,-0.03501593337923865,0.20910829253877472,0.11446311232278268,0.14741939060806458,0.06703975215228282
2024-06-30,-0.055148369650322805,0.011468613952734926,0.11692982065030295,0.12808964664938816,0.20486301681963878,0.15263640843609708,0.1355833771632671,0.10306840102793491
2024-07-31,-0.018944858109254486,-0.029762069210267823,0.0023845488398274695,-0.011462039592938497,0.22224890267205794,0.09543978091795194,0.09358951567162044,0.04918567490976814
2024-08-31,0.04838240348795885,0.021668072376474,0.0013681129113806369,-0.0068841400621848445,0.18267269691068555,0.10133803662016576,0.09821906237781104,0.04422836187727285
2024-09-30,0.024755580287453244,0.03253585686751198,0.04122935514184473,0.057348277330383036,0.2365699990705241,0.14646209554214545,0.12231192306214846,0.07689824047563935
2024-10-31,-0.04798296193483314,-0.024359719158625222,0.07305833597079638,0.07585983381425979,0.27796708972885287,0.17941532623070205,0.14496859157255973,0.11436266873497823
2024-11-30,-0.06782200667947083,0.08189898758690652,0.15617145181466552,0.18893292593176325,0.3230848196244619,0.23471250274708194,0.18196116554890418,0.17685901391894135
2024-12-31,0.009655127697115658,0.047919751560072416,0.16816194039006926,0.153999506347955,0.26714483769396663,0.1697379342015104,0.1980209226934144,0.14437898566529841
